﻿pos_x,pos_y,rotation,side,designator,mpn,pack,value,mount_type,place
53.927,-83.2149,180.0,bottom,D1,,Diode_DO-35,1N4148,tht,True
263.517,-83.1149,180.0,bottom,D10,,Diode_DO-35,1N4148,tht,True
282.587,-83.1449,180.0,bottom,D11,,Diode_DO-35,1N4148,tht,True
301.597,-83.1649,180.0,bottom,D12,,Diode_DO-35,1N4148,tht,True
320.707,-83.1649,180.0,bottom,D13,,Diode_DO-35,1N4148,tht,True
344.4821,-83.0949,180.0,bottom,D14,,Diode_DO-35,1N4148,tht,True
363.5821,-83.1149,180.0,bottom,D15,,Diode_DO-35,1N4148,tht,True
382.5621,-83.1749,180.0,bottom,D16,,Diode_DO-35,1N4148,tht,True
58.707,-106.98,180.0,bottom,D17,,Diode_DO-35,1N4148,tht,True
82.517,-106.96,180.0,bottom,D18,,Diode_DO-35,1N4148,tht,True
101.597,-106.93,180.0,bottom,D19,,Diode_DO-35,1N4148,tht,True
92.047,-83.1049,180.0,bottom,D2,,Diode_DO-35,1N4148,tht,True
120.627,-106.95,180.0,bottom,D20,,Diode_DO-35,1N4148,tht,True
139.677,-106.96,180.0,bottom,D21,,Diode_DO-35,1N4148,tht,True
158.707,-106.94,180.0,bottom,D22,,Diode_DO-35,1N4148,tht,True
177.777,-106.96,180.0,bottom,D23,,Diode_DO-35,1N4148,tht,True
196.817,-106.95,180.0,bottom,D24,,Diode_DO-35,1N4148,tht,True
215.887,-106.96,180.0,bottom,D25,,Diode_DO-35,1N4148,tht,True
234.947,-106.92,180.0,bottom,D26,,Diode_DO-35,1N4148,tht,True
253.987,-106.93,180.0,bottom,D27,,Diode_DO-35,1N4148,tht,True
273.037,-106.98,180.0,bottom,D28,,Diode_DO-35,1N4148,tht,True
292.117,-106.95,180.0,bottom,D29,,Diode_DO-35,1N4148,tht,True
111.087,-83.1049,180.0,bottom,D3,,Diode_DO-35,1N4148,tht,True
315.937,-106.95,180.0,bottom,D30,,Diode_DO-35,1N4148,tht,True
344.4821,-106.95,180.0,bottom,D31,,Diode_DO-35,1N4148,tht,True
363.5521,-106.9,180.0,bottom,D32,,Diode_DO-35,1N4148,tht,True
382.5921,-106.94,180.0,bottom,D33,,Diode_DO-35,1N4148,tht,True
55.507,-125.99,180.0,bottom,D34,,Diode_DO-35,1N4148,tht,True
76.177,-126.01,180.0,bottom,D35,,Diode_DO-35,1N4148,tht,True
95.227,-125.96,180.0,bottom,D36,,Diode_DO-35,1N4148,tht,True
114.267,-125.93,180.0,bottom,D37,,Diode_DO-35,1N4148,tht,True
133.364,-126.0,180.0,bottom,D38,,Diode_DO-35,1N4148,tht,True
152.407,-125.97,180.0,bottom,D39,,Diode_DO-35,1N4148,tht,True
130.127,-83.1149,180.0,bottom,D4,,Diode_DO-35,1N4148,tht,True
171.464,-126.0,180.0,bottom,D40,,Diode_DO-35,1N4148,tht,True
203.227,-126.12,180.0,bottom,D41,,Diode_DO-35,1N4148,tht,True
222.267,-126.03,180.0,bottom,D42,,Diode_DO-35,1N4148,tht,True
241.3,-126.05,180.0,bottom,D43,,Diode_DO-35,1N4148,tht,True
260.367,-125.95,180.0,bottom,D44,,Diode_DO-35,1N4148,tht,True
279.407,-126.01,180.0,bottom,D45,,Diode_DO-35,1N4148,tht,True
298.477,-126.01,180.0,bottom,D46,,Diode_DO-35,1N4148,tht,True
319.097,-125.96,180.0,bottom,D47,,Diode_DO-35,1N4148,tht,True
344.4921,-125.9,180.0,bottom,D48,,Diode_DO-35,1N4148,tht,True
363.5421,-125.94,180.0,bottom,D49,,Diode_DO-35,1N4148,tht,True
149.157,-83.1349,180.0,bottom,D5,,Diode_DO-35,1N4148,tht,True
382.5921,-125.99,180.0,bottom,D50,,Diode_DO-35,1N4148,tht,True
61.902,-145.025,180.0,bottom,D51,,Diode_DO-35,1N4148,tht,True
88.867,-145.125,180.0,bottom,D52,,Diode_DO-35,1N4148,tht,True
107.917,-145.05,180.0,bottom,D53,,Diode_DO-35,1N4148,tht,True
126.892,-145.05,180.0,bottom,D54,,Diode_DO-35,1N4148,tht,True
146.017,-145.05,180.0,bottom,D55,,Diode_DO-35,1N4148,tht,True
165.092,-145.075,180.0,bottom,D56,,Diode_DO-35,1N4148,tht,True
187.317,-145.025,180.0,bottom,D57,,Diode_DO-35,1N4148,tht,True
209.592,-145.125,180.0,bottom,D58,,Diode_DO-35,1N4148,tht,True
228.592,-145.05,180.0,bottom,D59,,Diode_DO-35,1N4148,tht,True
177.772,-83.1049,180.0,bottom,D6,,Diode_DO-35,1N4148,tht,True
247.627,-144.975,180.0,bottom,D60,,Diode_DO-35,1N4148,tht,True
266.727,-145.05,180.0,bottom,D61,,Diode_DO-35,1N4148,tht,True
285.727,-145.0,180.0,bottom,D62,,Diode_DO-35,1N4148,tht,True
312.717,-145.05,180.0,bottom,D63,,Diode_DO-35,1N4148,tht,True
344.4721,-145.04,180.0,bottom,D64,,Diode_DO-35,1N4148,tht,True
363.5421,-145.01,180.0,bottom,D65,,Diode_DO-35,1N4148,tht,True
382.5721,-145.05,180.0,bottom,D66,,Diode_DO-35,1N4148,tht,True
58.702,-164.075,180.0,bottom,D67,,Diode_DO-35,1N4148,tht,True
82.517,-164.095,180.0,bottom,D68,,Diode_DO-35,1N4148,tht,True
101.567,-164.1,180.0,bottom,D69,,Diode_DO-35,1N4148,tht,True
196.842,-83.1049,180.0,bottom,D7,,Diode_DO-35,1N4148,tht,True
120.607,-164.125,180.0,bottom,D70,,Diode_DO-35,1N4148,tht,True
139.667,-164.1,180.0,bottom,D71,,Diode_DO-35,1N4148,tht,True
158.717,-164.075,180.0,bottom,D72,,Diode_DO-35,1N4148,tht,True
187.292,-164.075,180.0,bottom,D73,,Diode_DO-35,1N4148,tht,True
215.892,-164.125,180.0,bottom,D74,,Diode_DO-35,1N4148,tht,True
234.927,-164.075,180.0,bottom,D75,,Diode_DO-35,1N4148,tht,True
253.967,-164.1,180.0,bottom,D76,,Diode_DO-35,1N4148,tht,True
273.017,-164.1,180.0,bottom,D77,,Diode_DO-35,1N4148,tht,True
292.092,-164.075,180.0,bottom,D78,,Diode_DO-35,1N4148,tht,True
315.902,-164.075,180.0,bottom,D79,,Diode_DO-35,1N4148,tht,True
215.872,-81.8149,180.0,bottom,D8,,Diode_DO-35,1N4148,tht,True
363.5371,-164.07,180.0,bottom,D80,,Diode_DO-35,1N4148,tht,True
56.327,-183.15,180.0,bottom,D81,,Diode_DO-35,1N4148,tht,True
77.742,-183.15,180.0,bottom,D82,,Diode_DO-35,1N4148,tht,True
96.792,-183.2,180.0,bottom,D83,,Diode_DO-35,1N4148,tht,True
118.227,-183.225,180.0,bottom,D84,,Diode_DO-35,1N4148,tht,True
196.797,-183.15,180.0,bottom,D85,,Diode_DO-35,1N4148,tht,True
256.342,-183.2,180.0,bottom,D86,,Diode_DO-35,1N4148,tht,True
277.807,-183.2,180.0,bottom,D87,,Diode_DO-35,1N4148,tht,True
296.817,-183.175,180.0,bottom,D88,,Diode_DO-35,1N4148,tht,True
318.257,-183.225,180.0,bottom,D89,,Diode_DO-35,1N4148,tht,True
234.932,-83.1349,180.0,bottom,D9,,Diode_DO-35,1N4148,tht,True
344.4871,-183.125,180.0,bottom,D90,,Diode_DO-35,1N4148,tht,True
363.4971,-183.075,180.0,bottom,D91,,Diode_DO-35,1N4148,tht,True
382.5621,-183.15,180.0,bottom,D92,,Diode_DO-35,1N4148,tht,True
183.494,-154.565,0.0,top,H1,,Stabilizer_MX_2.00u,Stab 2U,tht,True
183.432,-173.57005,0.0,top,H2,,Stabilizer_MX_6.00u,Stab 6U,tht,True
50.132,-73.6399,0.0,top,SW1,,MX_PCB_1.00u,SW_Push,tht,True
259.747,-73.6149,0.0,top,SW10,,MX_PCB_1.00u,SW_Push,tht,True
278.797,-73.6149,0.0,top,SW11,,MX_PCB_1.00u,SW_Push,tht,True
297.837,-73.6149,0.0,top,SW12,,MX_PCB_1.00u,SW_Push,tht,True
316.887,-73.6149,0.0,top,SW13,,MX_PCB_1.00u,SW_Push,tht,True
340.6821,-73.6149,0.0,top,SW14,,MX_PCB_1.00u,SW_Push,tht,True
359.7621,-73.6149,0.0,top,SW15,,MX_PCB_1.00u,SW_Push,tht,True
378.7621,-73.6149,0.0,top,SW16,,MX_PCB_1.00u,SW_Push,tht,True
54.892,-97.425,0.0,top,SW17,,MX_PCB_1.50u,SW_Push,tht,True
78.702,-97.425,0.0,top,SW18,,MX_PCB_1.00u,SW_Push,tht,True
97.752,-97.425,0.0,top,SW19,,MX_PCB_1.00u,SW_Push,tht,True
88.237,-73.6149,0.0,top,SW2,,MX_PCB_1.00u,SW_Push,tht,True
116.812,-97.425,0.0,top,SW20,,MX_PCB_1.00u,SW_Push,tht,True
135.862,-97.425,0.0,top,SW21,,MX_PCB_1.00u,SW_Push,tht,True
154.912,-97.425,0.0,top,SW22,,MX_PCB_1.00u,SW_Push,tht,True
173.962,-97.425,0.0,top,SW23,,MX_PCB_1.00u,SW_Push,tht,True
193.012,-97.425,0.0,top,SW24,,MX_PCB_1.00u,SW_Push,tht,True
212.062,-97.425,0.0,top,SW25,,MX_PCB_1.00u,SW_Push,tht,True
231.122,-97.425,0.0,top,SW26,,MX_PCB_1.00u,SW_Push,tht,True
250.182,-97.425,0.0,top,SW27,,MX_PCB_1.00u,SW_Push,tht,True
269.242,-97.425,0.0,top,SW28,,MX_PCB_1.00u,SW_Push,tht,True
288.302,-97.425,0.0,top,SW29,,MX_PCB_1.00u,SW_Push,tht,True
107.277,-73.6149,0.0,top,SW3,,MX_PCB_1.00u,SW_Push,tht,True
312.107,-97.42,0.0,top,SW30,,MX_PCB_1.50u,SW_Push,tht,True
340.6821,-97.4,0.0,top,SW31,,MX_PCB_1.00u,SW_Push,tht,True
359.7421,-97.4,0.0,top,SW32,,MX_PCB_1.00u,SW_Push,tht,True
378.7821,-97.4,0.0,top,SW33,,MX_PCB_1.00u,SW_Push,tht,True
51.714,-116.47,0.0,top,SW34,,MX_PCB_1.00u,SW_Push,tht,True
72.354,-116.475,0.0,top,SW35,,MX_PCB_1.00u,SW_Push,tht,True
91.419,-116.475,0.0,top,SW36,,MX_PCB_1.00u,SW_Push,tht,True
110.459,-116.47,0.0,top,SW37,,MX_PCB_1.00u,SW_Push,tht,True
129.559,-116.47,0.0,top,SW38,,MX_PCB_1.00u,SW_Push,tht,True
148.609,-116.47,0.0,top,SW39,,MX_PCB_1.00u,SW_Push,tht,True
126.337,-73.6149,0.0,top,SW4,,MX_PCB_1.00u,SW_Push,tht,True
167.659,-116.475,0.0,top,SW40,,MX_PCB_1.00u,SW_Push,tht,True
199.415,-116.48,0.0,top,SW41,,MX_PCB_1.00u,SW_Push,tht,True
218.46,-116.48,0.0,top,SW42,,MX_PCB_1.00u,SW_Push,tht,True
237.505,-116.47,0.0,top,SW43,,MX_PCB_1.00u,SW_Push,tht,True
256.55,-116.475,0.0,top,SW44,,MX_PCB_1.00u,SW_Push,tht,True
275.595,-116.475,0.0,top,SW45,,MX_PCB_1.00u,SW_Push,tht,True
294.645,-116.475,0.0,top,SW46,,MX_PCB_1.00u,SW_Push,tht,True
315.285,-116.475,0.0,top,SW47,,MX_PCB_1.00u,SW_Push,tht,True
340.6821,-116.45,0.0,top,SW48,,MX_PCB_1.00u,SW_Push,tht,True
359.7321,-116.44,0.0,top,SW49,,MX_PCB_1.00u,SW_Push,tht,True
145.377,-73.6149,0.0,top,SW5,,MX_PCB_1.00u,SW_Push,tht,True
378.7821,-116.44,0.0,top,SW50,,MX_PCB_1.00u,SW_Push,tht,True
58.0614,-135.525,0.0,top,SW51,,MX_PCB_1.75u,SW_Push,tht,True
85.0508,-135.525,0.0,top,SW52,,MX_PCB_1.00u,SW_Push,tht,True
104.1008,-135.525,0.0,top,SW53,,MX_PCB_1.00u,SW_Push,tht,True
123.1558,-135.525,0.0,top,SW54,,MX_PCB_1.00u,SW_Push,tht,True
142.2108,-135.52,0.0,top,SW55,,MX_PCB_1.00u,SW_Push,tht,True
161.2558,-135.52,0.0,top,SW56,,MX_PCB_1.00u,SW_Push,tht,True
183.512,-135.53,0.0,top,SW57,,MX_PCB_1.25u,SW_Push,tht,True
205.7532,-135.53,0.0,top,SW58,,MX_PCB_1.00u,SW_Push,tht,True
224.7982,-135.53,0.0,top,SW59,,MX_PCB_1.00u,SW_Push,tht,True
173.972,-73.6149,0.0,top,SW6,,MX_PCB_1.00u,SW_Push,tht,True
243.8482,-135.525,0.0,top,SW60,,MX_PCB_1.00u,SW_Push,tht,True
262.8882,-135.535,0.0,top,SW61,,MX_PCB_1.00u,SW_Push,tht,True
281.9282,-135.535,0.0,top,SW62,,MX_PCB_1.00u,SW_Push,tht,True
308.9126,-135.53,0.0,top,SW63,,MX_PCB_1.75u,SW_Push,tht,True
340.6771,-135.495,0.0,top,SW64,,MX_PCB_1.00u,SW_Push,tht,True
359.7271,-135.495,0.0,top,SW65,,MX_PCB_1.00u,SW_Push,tht,True
378.7821,-135.495,0.0,top,SW66,,MX_PCB_1.00u,SW_Push,tht,True
54.892,-154.575,0.0,top,SW67,,MX_PCB_1.50u,SW_Push,tht,True
78.707,-154.58,0.0,top,SW68,,MX_PCB_1.00u,SW_Push,tht,True
97.757,-154.58,0.0,top,SW69,,MX_PCB_1.00u,SW_Push,tht,True
193.022,-73.6149,0.0,top,SW7,,MX_PCB_1.00u,SW_Push,tht,True
116.812,-154.575,0.0,top,SW70,,MX_PCB_1.00u,SW_Push,tht,True
135.857,-154.57,0.0,top,SW71,,MX_PCB_1.00u,SW_Push,tht,True
154.907,-154.57,0.0,top,SW72,,MX_PCB_1.00u,SW_Push,tht,True
183.487,-154.57,0.0,top,SW73,,MX_PCB_2.00u,SW_Push,tht,True
212.067,-154.57,0.0,top,SW74,,MX_PCB_1.00u,SW_Push,tht,True
231.117,-154.57,0.0,top,SW75,,MX_PCB_1.00u,SW_Push,tht,True
250.157,-154.57,0.0,top,SW76,,MX_PCB_1.00u,SW_Push,tht,True
269.217,-154.57,0.0,top,SW77,,MX_PCB_1.00u,SW_Push,tht,True
288.277,-154.57,0.0,top,SW78,,MX_PCB_1.00u,SW_Push,tht,True
312.097,-154.57,0.0,top,SW79,,MX_PCB_1.50u,SW_Push,tht,True
212.072,-73.6149,0.0,top,SW8,,MX_PCB_1.00u,SW_Push,tht,True
359.7121,-154.55,0.0,top,SW80,,MX_PCB_1.00u,SW_Push,tht,True
52.512,-173.625,0.0,top,SW81,,MX_PCB_1.25u,SW_Push,tht,True
73.937,-173.62,0.0,top,SW82,,MX_PCB_1.00u,SW_Push,tht,True
92.987,-173.63,0.0,top,SW83,,MX_PCB_1.00u,SW_Push,tht,True
114.417,-173.63,0.0,top,SW84,,MX_PCB_1.25u,SW_Push,tht,True
192.997,-173.62,0.0,top,SW85,,MX_PCB_6.00u_Offset,SW_Push,tht,True
252.542,-173.625,0.0,top,SW86,,MX_PCB_1.25u,SW_Push,tht,True
273.977,-173.625,0.0,top,SW87,,MX_PCB_1.00u,SW_Push,tht,True
293.027,-173.625,0.0,top,SW88,,MX_PCB_1.00u,SW_Push,tht,True
314.467,-173.625,0.0,top,SW89,,MX_PCB_1.25u,SW_Push,tht,True
231.122,-73.6149,0.0,top,SW9,,MX_PCB_1.00u,SW_Push,tht,True
340.6621,-173.6,0.0,top,SW90,,MX_PCB_1.00u,SW_Push,tht,True
359.7121,-173.6,0.0,top,SW91,,MX_PCB_1.00u,SW_Push,tht,True
378.7671,-173.6,0.0,top,SW92,,MX_PCB_1.00u,SW_Push,tht,True
212.07,-75.195,-90.0,top,U1,,Elite-C,Elite-C,tht,True
